customer_name,recencia,frecuencia_compra,productos_distintos,unidades_totales,gasto_total,ticket_promedio
Aaron Bergman,11,89,88,301,13824.832,155.33519101123596
Aaron Hawkins,195,56,56,231,9182.588,163.9747857142857
Aaron Smayling,8,60,59,211,9679.532,161.3255333333333
Adam Bellavance,7,68,67,262,7481.72,110.02529411764706
Adam Hart,131,84,83,293,14644.083,174.33432142857143
Adam Shillingsburg,62,71,70,238,9119.332,128.4412957746479
Adrian Barton,190,77,77,265,11371.767,147.68528571428573
Adrian Hane,62,54,54,207,9175.233,169.91172222222224
Adrian Shami,69,44,44,144,7197.094,163.57031818181818
Aimee Bixby,4,55,55,208,5848.367,106.33394545454546
Alan Barnes,126,60,60,232,9255.801,154.26335
Alan Dominguez,8,55,54,167,9019.528,163.99141818181818
Alan Haines,2,77,76,258,10558.727,137.1263246753247
Alan Hwang,4,74,74,292,13391.26,180.96297297297298
Alan Schoenberger,1,73,72,231,10319.529,141.36341095890413
Alan Shonely,62,63,63,246,9226.467,146.45185714285716
Alejandro Ballentine,40,68,68,207,10480.987000000001,154.1321617647059
Alejandro Grove,65,67,67,255,9105.318,135.9002686567164
Alejandro Savely,1,77,77,273,11095.039,144.09141558441559
Aleksandra Gannaway,127,58,58,206,11155.563,192.33729310344827
Alex Avila,165,50,50,165,9356.643,187.13286
Alex Grayson,6,77,77,250,10463.612,135.89106493506492
Alex Russell,5,64,64,209,11896.577,185.884015625
Alice McCarthy,7,77,77,284,10776.996,139.960987012987
Allen Armold,1,55,55,169,5416.122,98.47494545454546
Allen Goldenen,65,53,53,178,7396.533,139.55722641509433
Allen Rosenblatt,34,50,50,168,8042.488,160.84976
Alyssa Crouse,62,61,61,180,6385.916,104.6871475409836
Alyssa Tate,41,65,65,185,5786.168,89.01796923076922
Amy Cox,98,39,39,143,5906.26,151.44256410256412
Amy Hunt,158,39,39,143,4963.243,127.26264102564103
Andrew Allen,99,48,48,175,5698.074,118.709875
Andrew Gjertsen,4,78,78,302,10823.563,138.7636282051282
Andrew Roberts,9,70,69,235,9981.939,142.59912857142857
Andy Gerbode,72,44,44,139,6276.068,142.6379090909091
Andy Reiter,195,35,34,89,3106.444,88.75554285714286
Andy Yotov,247,50,50,163,6651.892,133.03784
Anemone Ratner,10,50,50,178,8404.091,168.08182
Angele Hood,62,49,49,170,7155.206,146.02461224489795
Ann Blume,32,64,63,238,9014.722,140.85503125
Ann Chong,127,83,83,264,12730.299,153.3770963855422
Ann Steele,342,55,53,164,5384.44,97.89890909090909
Anna Andreadi,8,91,91,302,13082.234,143.76081318681318
Anna Chung,1,43,43,152,7696.237,178.9822558139535
Anna Gayman,36,77,76,249,11791.604,153.13771428571428
Anna Häberlin,72,76,76,280,12190.908,160.40668421052632
Anne McFarland,11,79,78,303,11745.79,148.6808860759494
Anne Pryor,156,63,63,244,9146.221,145.1781111111111
Annie Thurman,128,55,55,186,7530.86,136.92472727272727
Annie Zypern,34,68,67,215,8410.464,123.68329411764705
Anthony Garverick,37,58,58,227,8557.133,147.53677586206896
Anthony Jacobs,282,79,78,232,9979.785,126.32639240506329
Anthony Johnson,103,77,76,259,10033.253,130.301987012987
Anthony O'Donnell,127,60,60,228,10814.215,180.23691666666667
Anthony Rawles,65,72,71,248,9784.562,135.89669444444445
Anthony Witt,5,78,78,244,9544.604,122.36671794871793
Arianne Irving,1,50,50,176,6373.91,127.4782
Art Ferguson,4,98,97,326,14173.024,144.622693877551
Art Foster,37,76,76,283,11602.47,152.6640789473684
Arthur Gainer,123,75,73,284,11045.834,147.27778666666669
Arthur Prichep,34,87,86,284,14367.183,165.14003448275864
Arthur Wiediger,126,49,49,175,4046.976,82.59134693877552
Ashley Jarboe,156,56,56,195,8670.286,154.8265357142857
Astrea Jones,10,60,60,206,10716.545,178.60908333333333
Barbara Fisher,92,62,62,193,6944.896,112.01445161290322
Barry Blumstein,32,62,62,211,8719.165,140.63169354838712
Barry Franz,32,69,68,228,13447.645,194.89340579710145
Barry Französisch,65,62,62,191,8152.059,131.48482258064516
Barry Gonzalez,187,67,66,250,11028.004,164.5970746268657
Barry Pond,92,57,57,176,10389.0,182.26315789473685
Barry Weirich,32,51,51,216,10024.423,196.55731372549022
Bart Folk,184,55,53,208,9711.235,176.5679090909091
Bart Pistole,124,70,69,243,10087.0,144.1
Bart Watters,41,96,95,338,15309.023,159.46898958333333
Becky Castell,7,87,86,300,13270.917,152.53927586206896
Becky Martin,35,78,78,293,12499.688,160.25241025641026
Becky Pak,2,58,58,221,8270.547,142.5956379310345
Ben Ferrer,1,86,86,316,16667.558,193.8088139534884
Ben Peterman,31,74,74,246,9109.707,123.10414864864865
Ben Wallace,37,68,68,219,14965.0,220.0735294117647
Benjamin Farhat,95,62,62,228,8886.488,143.3304516129032
Benjamin Patterson,94,67,66,207,10735.986,160.23859701492538
Benjamin Venier,98,61,61,200,9023.355,147.9238524590164
Berenike Kampe,103,64,64,221,8555.036,133.6724375
Beth Fritzler,6,58,58,196,9531.058,164.32858620689657
Beth Paige,62,55,55,186,7391.441,134.38983636363636
Beth Thompson,5,70,70,234,9113.52,130.19314285714287
Bill Donatelli,2,69,68,232,8715.567,126.3125652173913
Bill Eplett,190,102,102,411,14134.36,138.57215686274512
Bill Overfelt,34,47,47,158,5361.734,114.07944680851065
Bill Shonely,8,68,68,254,12019.503,176.75739705882353
Bill Stewart,126,66,65,266,12574.208,190.51830303030303
Bill Tyler,10,50,50,183,4902.902,98.05804
Bobby Elias,62,60,60,225,10753.665,179.22775000000001
Bobby Odegard,67,57,57,213,7659.377,134.3750350877193
Bobby Trafton,38,53,53,172,6430.973,121.33911320754717
Brad Eason,158,69,69,243,12320.672,178.56046376811594
Brad Norvell,63,70,69,243,13700.512,195.7216
Brad Thomas,96,65,65,233,8633.053,132.8162
Bradley Drucker,1,44,43,181,7907.24,179.71
Bradley Nguyen,31,65,65,244,8974.907,138.0754923076923
Bradley Talbott,224,55,55,188,8620.729,156.74052727272726
Brenda Bowman,2,63,63,238,6747.269,107.09950793650793
Brendan Dodson,126,36,36,148,6168.756,171.35433333333333
Brendan Murry,34,55,53,157,6519.541,118.5371090909091
Brendan Sweed,64,58,58,207,8460.722,145.8745172413793
Brian Dahlen,100,48,48,160,6909.983,143.95797916666666
Brian DeCherney,2,67,67,207,9660.113,144.1807910447761
Brian Derr,31,68,68,242,10179.744,149.70211764705883
Brian Moss,7,78,77,248,13102.361,167.97898717948718
Brian Stugart,37,71,71,278,10119.466,142.52769014084507
Brian Thompson,31,58,58,218,10654.246,183.69389655172412
Brooke Gillingham,134,49,49,153,6654.563,135.8074081632653
Brosina Hoffman,63,97,97,355,13835.298999999999,142.63194845360823
Bruce Degenhardt,8,76,76,256,14083.877,185.3141710526316
Bruce Geld,103,56,56,198,7619.769,136.06730357142857
Bruce Stewart,39,83,83,252,14175.064,170.78390361445784
Bryan Davis,37,64,64,228,8392.184,131.127875
Bryan Mills,2,84,83,278,13825.87,164.5936904761905
Bryan Spruell,36,69,68,214,9987.273,144.74308695652172
Candace McMahon,40,46,46,172,7210.595,156.7520652173913
Cari MacIntyre,39,77,75,266,13885.73,180.33415584415584
Cari Sayre,11,68,68,208,7653.428,112.55041176470588
Cari Schnelling,32,60,60,162,7883.3,131.38833333333335
Carl Jackson,34,56,55,168,8395.582,149.92110714285715
Carl Ludwig,37,60,59,215,6988.2029999999995,116.47004999999999
Carl Weiss,33,55,54,218,9100.262,165.4593090909091
Carlos Daly,125,70,69,240,9774.353,139.6336142857143
Carlos Meador,97,42,42,150,6897.254,164.22033333333334
Carlos Soltero,99,68,68,221,11733.206,172.54714705882353
Carol Adams,35,57,57,200,7649.36,134.19929824561402
Carol Darley,155,68,68,218,10378.856,152.63023529411765
Carol Triggs,221,52,52,173,8833.311,169.8713653846154
Caroline Jumper,11,58,58,222,9199.393,158.61022413793103
Cassandra Brandow,4,59,58,227,10059.473,170.49954237288136
Catherine Glotzbach,2,35,35,120,4116.0,117.6
Cathy Armstrong,461,56,56,207,10202.093,182.18023214285716
Cathy Hwang,5,70,70,225,10662.01,152.31442857142858
Cathy Prescott,35,65,64,253,9536.244,146.71144615384617
Chad Cunningham,63,58,58,216,10382.142,179.00244827586206
Chad McGuire,31,43,42,160,8878.695,206.48127906976742
Chad Sievert,125,48,48,185,9706.644,202.22175000000001
Charles Crestani,11,59,59,180,9129.225,154.73262711864407
Charles McCrossin,2,55,55,176,8849.318,160.8966909090909
Charles Sheldon,162,62,62,246,10224.835,164.9166935483871
Charlotte Melton,31,55,55,212,9875.954,179.56279999999998
Chloris Kastensmidt,69,96,96,327,10734.841,111.82126041666668
Chris Cortes,4,87,87,268,10367.117,119.16226436781609
Chris McAfee,63,44,44,139,5850.776,132.9721818181818
Chris Selesnick,39,81,81,304,14418.0,178.0
Christina Anderson,63,69,69,247,12589.255000000001,182.45297101449276
Christina DeMoss,6,82,81,265,10367.626,126.43446341463415
Christina VanderZanden,4,60,60,185,6961.369,116.02281666666666
Christine Abelman,62,43,43,113,6179.625,143.7122093023256
Christine Kargatis,307,67,67,245,9085.973,135.61153731343285
Christine Phan,63,82,82,278,15654.512,190.90868292682927
Christine Sundaresam,128,66,66,188,9434.113,142.94110606060605
Christopher Conant,96,73,73,287,9695.517,132.81530136986302
Christopher Martinez,246,56,56,198,9466.007,169.03583928571427
Christopher Schild,5,53,52,197,11297.22,213.15509433962262
Christy Brittain,215,49,49,194,9957.984,203.22416326530612
Chuck Clark,155,60,59,229,12643.399,210.72331666666665
Chuck Magee,125,58,58,224,8102.618,139.70031034482759
Chuck Sachs,4,70,70,236,13837.93,197.68471428571428
Cindy Chapman,4,74,74,246,11703.172,158.15097297297297
Cindy Schnelling,72,62,62,197,8648.131,139.48598387096774
Cindy Stewart,32,42,42,153,7223.215,171.98130952380953
Claire Gute,32,52,52,184,11095.57,213.37634615384616
Claudia Bergmann,193,72,72,241,10870.398,150.97775
Clay Cheatham,41,60,60,191,8318.028,138.6338
Clay Ludtke,62,79,79,284,11891.9,150.53037974683545
Clay Rozendal,92,41,41,164,3405.362,83.05760975609756
Clytie Kelty,36,79,78,289,13347.797,168.95945569620253
Corey Catlett,247,61,61,212,9309.303,152.61152459016392
Corey Roper,7,77,77,262,11347.018,147.36387012987012
Corey-Lock,1,68,68,238,13049.0,191.89705882352942
Corinna Mitchell,32,54,54,174,6241.348,115.58051851851852
Craig Carreira,127,67,66,210,9109.39,135.9610447761194
Craig Carroll,5,55,55,210,10415.406,189.3710181818182
Craig Leslie,5,69,69,248,10090.297,146.23618840579712
Craig Molinari,8,54,53,179,8324.908,154.16496296296296
Craig Reiter,92,77,76,224,11647.21,151.26246753246753
Craig Yedwab,7,60,60,200,11856.366,197.6061
Cyma Kinney,37,69,69,211,10596.0,153.56521739130434
Cynthia Arntzen,103,61,61,213,8134.711,133.3559180327869
Cynthia Delaney,35,68,67,228,10432.072,153.41282352941175
Cynthia Voltz,218,54,54,181,8923.939,165.25812962962962
Cyra Reiten,68,54,54,188,8965.698,166.03144444444445
Damala Kotsonis,62,86,86,274,12693.276,147.59623255813952
Dan Campbell,193,77,77,231,10069.373,130.77107792207792
Dan Lawera,7,68,68,270,9817.875,144.38051470588235
Dan Reichenbach,4,84,83,309,16705.0,198.86904761904762
Dana Kaydos,155,70,69,242,12782.862,182.61231428571426
Daniel Byrd,4,65,63,209,11271.125,173.40192307692308
Daniel Lacy,7,72,71,219,5992.215,83.22520833333334
Daniel Raglin,5,85,84,289,10229.72,120.34964705882352
Dario Medina,65,76,76,266,14293.012,188.06594736842106
Darren Budd,246,31,31,98,4500.186,145.16729032258064
Darren Koutras,32,64,64,226,9825.083,153.516921875
Darren Powers,158,82,82,275,12943.04,157.8419512195122
Darrin Martin,7,66,65,268,13183.554,199.75081818181818
Darrin Sayre,164,68,68,252,9707.579,142.75851470588236
Darrin Van Huff,1,94,93,298,12271.488,130.54774468085105
Dave Brooks,186,70,70,255,10023.542,143.19345714285714
Dave Hallsten,34,83,82,270,13010.184,156.7492048192771
Dave Kipp,1,64,64,214,10491.973,163.937078125
Dave Poirier,128,62,62,247,10110.806,163.07751612903226
David Bremer,125,34,34,116,4727.549,139.0455588235294
David Flashing,397,52,52,169,8510.033,163.65448076923076
David Kendrick,100,58,58,206,8435.133,145.4333275862069
David Philippe,165,68,68,260,13087.653,192.46548529411766
David Smith,41,63,63,219,9339.298999999999,148.24284126984125
David Wiener,2,56,55,187,8745.187,156.16405357142858
Dean Braden,62,73,73,250,11103.032,152.09632876712328
Dean Katz,4,56,56,202,9357.296,167.09457142857144
Dean percer,125,81,81,260,11449.395,141.35055555555556
Deanra Eno,1,55,55,179,8482.321,154.22401818181817
Deborah Brumfield,124,58,58,193,9381.2,161.7448275862069
Debra Catini,8,54,54,213,10171.807,188.36679629629631
Deirdre Greer,32,64,64,240,11120.6,173.759375
Delfina Latchford,2,76,75,304,10877.384,143.12347368421052
Denise Leinenbach,34,75,75,281,11593.349,154.57798666666667
Denise Monton,92,59,59,240,9027.037,153.00062711864408
Dennis Bolton,39,52,51,196,8478.134,163.04103846153845
Dennis Kane,1,76,76,287,12201.909,160.5514342105263
Dennis Pardue,165,57,57,170,7129.536,125.07957894736842
Denny Blanton,276,51,51,199,8573.069,168.09939215686273
Denny Joy,32,63,63,232,7448.128,118.22425396825396
Denny Ordway,127,83,83,252,8342.465,100.5116265060241
Dianna Arnett,434,60,58,241,9878.375,164.63958333333332
Dianna Vittorini,7,63,63,218,9448.51,149.9763492063492
Dianna Wilson,67,88,88,312,13909.556,158.06313636363637
Dionis Lloyd,92,56,56,206,10291.363,183.77433928571426
Don Jones,11,78,77,276,11804.6,151.34102564102565
Don Miller,41,52,51,196,8962.876,172.363
Don Weiss,155,62,62,212,10353.035,166.98443548387095
Dorothy Badders,95,49,48,177,10384.0,211.91836734693877
Dorothy Dickinson,4,66,66,234,9969.103,151.04701515151513
Dorothy Wardle,64,74,73,289,11335.272,153.17935135135136
Dorris liebe,34,58,57,162,8910.815,153.63474137931036
Doug Bickford,127,58,58,209,8253.606,142.30355172413792
Doug Jacobs,69,54,54,198,9120.736,168.90251851851852
Doug O'Connell,131,68,67,222,11666.108,171.5604117647059
Duane Benoit,130,42,42,147,6188.423,147.34340476190476
Duane Huffman,31,54,54,177,6642.84,123.01555555555557
Duane Noonan,1,60,60,187,12946.97,215.78283333333331
Ed Braxton,36,65,65,230,11746.782,180.71972307692306
Ed Jacobs,2,45,45,143,7602.1,168.93555555555557
Ed Ludwig,124,71,71,260,11576.635,163.0511971830986
Edward Becker,32,49,49,188,6204.227,126.61687755102041
Edward Hooks,36,84,84,307,12704.576000000001,151.24495238095238
Edward Nazzal,96,46,46,147,5723.35,124.42065217391306
Eileen Kiefer,95,36,35,127,4643.483,128.9856388888889
Eleni McCrary,277,54,54,166,6170.4220000000005,114.26707407407409
Elizabeth Moffitt,69,64,64,194,10401.111,162.517359375
Ellis Ballard,306,57,57,174,10384.613,182.18619298245613
Elpida Rittenbach,65,53,52,187,10620.517,200.38711320754717
Emily Burns,40,35,35,108,4407.632,125.93234285714284
Emily Ducich,216,76,76,259,8360.199,110.00261842105265
Emily Grady,5,63,63,226,11308.817000000001,179.50503174603176
Emily Phan,2,72,71,254,12548.226,174.28091666666668
Eric Barreto,1,48,48,150,6361.611,132.5335625
Eric Hoffmann,10,71,70,229,9162.19,129.04492957746479
Eric Murdock,36,100,98,392,19497.596,194.97596000000001
Erica Bern,1,77,76,250,10193.931,132.3887142857143
Erica Hackney,438,51,51,171,9481.0,185.90196078431373
Erica Hernandez,155,57,57,199,9434.577,165.5188947368421
Erica Smith,5,67,67,220,9890.833,147.62437313432838
Erin Ashbrook,285,72,71,246,9333.19,129.6276388888889
Erin Creighton,34,58,57,177,4939.793,85.1688448275862
Erin Mull,93,62,62,216,8140.188,131.2933548387097
Erin Smith,127,74,74,232,11462.704,154.9014054054054
Eudokia Martin,95,61,61,191,12170.554,199.51727868852458
Eugene Barchas,31,64,64,196,9178.913,143.420515625
Eugene Hildebrand,92,86,86,287,13518.914,157.19667441860466
Eugene Moren,67,94,94,346,15670.748,166.71008510638296
Eva Jacobs,92,49,49,174,10112.849,206.38467346938776
Evan Bailliet,1,47,47,176,8006.0,170.3404255319149
Evan Henry,37,61,61,193,10289.094000000001,168.67367213114755
Evan Minnotte,71,66,66,232,11429.251,173.1704696969697
Filia McAdams,249,69,69,237,9209.086,133.46501449275362
Frank Atkinson,92,62,62,229,11177.176,180.2770322580645
Frank Carlisle,95,51,51,177,7395.02,145.00039215686274
Frank Gastineau,4,44,44,156,7318.388,166.327
Frank Hawley,32,48,48,160,9982.707,207.9730625
Frank Merwin,3,77,77,272,8908.487,115.69463636363635
Frank Olsen,2,85,84,296,13161.618,154.84256470588235
Frank Preis,64,55,55,211,6798.965,123.61754545454546
Fred Chung,4,51,51,156,5133.194,100.65086274509805
Fred Harton,92,42,42,138,7276.493,173.24983333333336
Fred Hopkins,68,82,82,290,12007.415,146.43189024390244
Fred McMath,65,46,46,142,5915.527,128.59841304347827
Fred Wasserman,7,72,70,234,13404.794,186.17769444444446
Gary Hansen,31,76,75,270,10146.128,133.50168421052632
Gary Hwang,1,102,101,377,15183.455,148.8574019607843
Gary McGarr,1,58,58,189,8162.3640000000005,140.73041379310345
Gary Mitchum,35,43,43,148,8943.07,207.97837209302324
Gary Zandusky,8,78,78,255,14712.997,188.62816666666666
Gene Hale,8,50,50,208,7849.646000000001,156.99292000000003
Gene McClure,8,47,47,175,5897.111,125.47044680851063
George Ashbrook,92,58,57,216,9994.815,172.32439655172413
George Bell,10,56,55,185,4985.205,89.02151785714285
George Zrebassa,8,52,52,200,8797.503,169.18275
Georgia Rosenberg,2,62,62,212,9029.825,145.64233870967743
Giulietta Baptist,39,66,65,234,10881.69,164.8740909090909
Giulietta Dortch,251,56,55,218,11675.037,208.48280357142858
Giulietta Weimer,276,57,57,215,9869.21,173.1440350877193
Grace Kelly,65,65,65,236,8852.141,136.1867846153846
Grant Thornton,41,48,48,182,7437.801,154.95418750000002
Greg Guthrie,10,75,75,279,10706.198,142.74930666666668
Greg Hansen,369,65,65,240,12702.296,195.41993846153846
Greg Matthias,251,74,74,235,10188.415,137.68128378378378
Greg Maxwell,4,64,64,203,5042.323,78.786296875
Greg Tran,185,87,86,310,11574.002,133.03450574712645
Guy Armstrong,2,64,64,208,7681.606,120.02509375
Guy Phonely,10,74,74,256,7197.214,97.25964864864865
Guy Thornton,31,62,60,195,7945.117,128.1470483870968
Hallie Redmond,131,61,61,206,7968.719,130.63473770491802
Harold Dahlen,10,81,81,249,10959.12,135.29777777777778
Harold Engle,97,71,70,240,9394.6,132.31830985915494
Harold Pawlan,11,45,45,157,5973.546,132.7454666666667
Harold Ryan,63,44,44,130,7636.4,173.55454545454543
Harry Greene,5,101,101,343,13331.896,131.9989702970297
Harry Marie,4,85,85,313,13904.587,163.58337647058823
Heather Jas,5,68,67,227,8913.528,131.08129411764708
Heather Kirkland,41,60,60,204,13143.4,219.05666666666667
Helen Abelman,34,62,62,234,14507.425,233.9907258064516
Helen Andreada,4,63,63,209,7072.345,112.25944444444445
Helen Wasserman,33,66,66,235,11540.838,174.86118181818182
Henia Zydlo,32,57,57,174,8559.931,150.17422807017545
Henry Goldwyn,103,71,71,271,8968.208,126.31278873239437
Henry MacAllister,9,64,64,222,10581.553,165.336765625
Herbert Flentye,62,77,77,241,11813.0,153.41558441558442
Hilary Holden,155,57,56,242,12636.595,221.694649122807
Hunter Glantz,97,67,67,244,10192.028,152.1198208955224
Hunter Lopez,5,53,52,207,6052.218,114.19279245283019
Ionia McGrath,1,39,39,129,5023.461,128.80669230769232
Irene Maddox,8,82,82,318,13496.429,164.59059756097562
Ivan Gibson,5,77,77,234,11837.318,153.7314025974026
Ivan Liston,35,64,64,221,7093.765,110.840078125
Jack Garza,338,62,62,206,10196.517,164.4599516129032
Jack Lebron,9,83,83,281,11438.242,137.81014457831324
Jack O'Briant,158,51,51,178,9358.993,183.50966666666667
James Galang,95,83,82,272,11140.423999999999,134.22197590361444
James Lanier,39,53,52,174,5518.338,104.11958490566037
Jamie Frazer,37,74,74,275,11324.261,153.03055405405405
Jamie Kunitz,399,50,50,207,7862.675,157.2535
Jane Waco,68,75,75,298,14674.629,195.66172
Janet Lee,191,69,68,253,12926.56,187.34144927536232
Janet Martin,315,67,67,244,11430.593,170.6058656716418
Janet Molinari,3,77,77,302,12327.844,160.10187012987012
Jas O'Carroll,1,44,43,164,7781.039,176.84179545454546
Jason Fortune-,216,73,73,296,12219.608,167.3918904109589
Jason Gross,1,55,55,224,9292.282,168.9505818181818
Jason Klamczynski,42,62,62,236,8020.189,129.3578870967742
Jasper Cacioppo,35,73,73,264,10920.53,149.59630136986303
Jay Fein,225,64,64,215,8675.145,135.549140625
Jay Kimmel,62,67,66,247,13401.0,200.01492537313433
Jenna Caffey,63,75,75,242,10487.679,139.83572
Jennifer Braxton,8,73,73,235,9065.199,124.18080821917809
Jennifer Ferguson,4,66,66,235,7321.641,110.93395454545454
Jennifer Halladay,64,78,77,249,9666.029,123.92344871794873
Jennifer Jackson,1,41,41,152,6566.63,160.16170731707317
Jennifer Patt,3,78,78,277,11193.022,143.50028205128206
Jeremy Ellison,156,43,43,141,5075.744,118.04055813953488
Jeremy Farry,4,57,57,178,8062.662,141.4502105263158
Jeremy Lonsdale,2,48,48,169,6079.2880000000005,126.65183333333334
Jeremy Pistek,65,74,74,266,15315.347,206.96414864864863
Jessica Myrick,40,51,51,168,7789.0,152.72549019607843
Jesus Ocampo,34,53,53,175,6691.519,126.25507547169812
Jill Fjeld,65,78,77,274,14051.579,180.14844871794872
Jill Matthias,2,58,58,198,8671.515,149.5088793103448
Jill Stevenson,5,49,49,156,6094.052,124.3684081632653
Jim Epp,37,64,64,199,8796.161,137.440015625
Jim Karlsson,307,69,69,250,13087.038,189.66721739130435
Jim Kriz,36,43,43,157,6058.02,140.88418604651164
Jim Mitchum,190,84,84,275,13757.148,163.77557142857142
Jim Radford,8,48,48,143,8511.421,177.32127083333333
Jim Sink,35,69,68,255,11312.973,163.9561304347826
Jocasta Rupert,367,36,36,129,7154.092,198.72477777777777
Joe Elijah,2,82,81,319,11122.341,135.63830487804879
Joe Kamberova,42,91,91,330,14315.386,157.31193406593408
Joel Eaton,42,87,86,276,12833.081,147.50667816091953
Joel Jenkins,2,83,83,264,11939.062,143.84412048192772
John Castell,37,53,53,178,8645.656,163.1255849056604
John Dryer,163,48,48,173,8028.566,167.26179166666665
John Grady,7,95,95,370,19485.736,205.1130105263158
John Huston,4,83,83,289,12128.832,146.13050602409638
John Lee,34,72,71,295,10379.615,144.16131944444444
John Lucas,218,50,50,169,9384.12,187.68240000000003
John Murray,309,79,79,292,12546.849,158.82087341772151
John Stevenson,127,42,42,169,8122.071,193.38264285714286
Jonathan Doherty,33,86,86,325,12961.526,150.71541860465115
Jonathan Howell,37,81,81,270,10777.772,133.05891358024692
Joni Blumstein,71,59,59,205,8722.621,147.84103389830508
Joni Sundaresam,123,53,53,145,6809.0,128.47169811320754
Joni Wasserman,5,60,59,226,7950.002,132.50003333333333
Joseph Airdo,98,76,76,254,8747.431,115.09777631578947
Joseph Holt,93,85,85,317,13102.844,154.15110588235294
Joy Bell-,65,84,84,325,15284.735,181.96113095238096
Joy Daniels,6,67,67,221,7023.327,104.82577611940299
Joy Smith,62,70,70,258,10263.54,146.622
Julia Barnett,2,57,57,199,8633.462,151.4642456140351
Julia Dunbar,37,48,48,142,8598.632,179.13816666666665
Julia West,100,61,61,224,10179.429,166.87588524590163
Juliana Krohn,2,83,83,287,12654.492,152.46375903614458
Julie Creighton,6,63,63,228,10753.247,170.6864603174603
Julie Kriz,4,65,65,216,11081.571,170.4857076923077
Julie Prescott,186,76,72,241,11310.287,148.8195657894737
Justin Deggeller,7,71,71,248,13412.216,188.90445070422535
Justin Ellison,9,53,53,178,7492.423,141.3664716981132
Justin Hirsh,32,81,81,283,14813.114,182.87795061728394
Justin MacKendrick,7,53,53,170,7964.064,150.26535849056603
Justin Ritter,158,57,57,184,9919.709,174.02998245614037
Kalyca Meade,62,43,43,172,6602.043,153.53588372093023
Karen Bern,6,55,55,174,7620.23,138.54963636363635
Karen Carlisle,4,63,62,198,9097.32,144.40190476190475
Karen Daniels,64,64,64,246,12553.476,196.1480625
Karen Ferguson,4,62,62,209,9470.805,152.7549193548387
Karen Seio,40,43,43,147,4005.321,93.14699999999999
Karl Braun,71,93,90,291,12911.587,138.8342688172043
Katharine Harms,1,74,74,221,14915.502,201.56083783783785
Katherine Ducich,221,39,39,141,9212.486,236.21758974358977
Katherine Hughes,32,75,74,225,9967.245,132.8966
Katherine Murray,4,81,81,254,12765.762,157.602
Katherine Nockton,1,59,58,209,7126.555,120.78906779661017
Katrina Bavinger,1,68,67,247,9224.807,135.65892647058826
Katrina Edelman,187,67,67,257,9118.439,136.09610447761193
Katrina Willman,7,58,58,193,8461.293,145.88436206896552
Kean Nguyen,93,66,66,240,12776.293,193.58019696969697
Kean Takahito,399,82,81,312,12368.893,150.84015853658536
Kean Thornton,125,45,45,123,6563.8,145.86222222222221
Keith Dawkins,65,78,78,253,13079.385,167.68442307692308
Keith Herrera,92,79,79,281,8857.041,112.11444303797468
Kelly Andreada,216,86,85,301,12732.15,148.0482558139535
Kelly Collister,37,55,55,196,9068.343,164.87896363636364
Kelly Lampkin,8,86,85,279,10694.557,124.35531395348838
Kelly Williams,34,71,71,234,7641.196,107.62247887323943
Ken Black,72,66,66,266,7677.933,116.33231818181818
Ken Brennan,62,56,55,178,8194.274,146.32632142857142
Ken Dana,193,56,56,224,7939.618,141.77889285714286
Ken Heidel,4,57,57,204,6591.432,115.63915789473684
Ken Lonsdale,70,82,81,269,12920.218,157.56363414634149
Khloe Miller,11,61,61,216,7468.508,122.43455737704917
Kimberly Carter,1,53,53,212,9509.418,179.42298113207548
Kristen Hastings,69,88,88,309,13948.913,158.510375
Kristina Nunn,7,46,46,148,6212.507,135.0545
Kunst Miller,126,69,69,251,12051.921,174.66552173913044
Larry Blacks,69,63,63,221,11097.489,176.15061904761905
Larry Hughes,245,50,50,179,4832.864,96.65727999999999
Larry Tron,94,56,56,189,11369.257,203.0224464285714
Laura Armstrong,40,86,84,323,14844.033,172.60503488372092
Laurel Beltran,69,88,87,316,13564.835,154.14585227272727
Laurel Elliston,10,61,60,199,11477.0,188.14754098360655
Laurel Workman,34,63,63,181,7390.486,117.30930158730159
Lauren Leatherbury,155,66,66,220,12142.798999999999,183.981803030303
Lela Donovan,3,71,70,260,11462.723,161.4468028169014
Lena Cacioppo,123,66,65,241,8063.018,122.1669393939394
Lena Creighton,11,69,69,248,13128.766,190.27197101449275
Lena Hernandez,62,55,55,229,9840.104,178.9109818181818
Lena Radford,215,65,65,224,9162.754,140.96544615384616
Linda Cazamias,2,67,67,211,10332.412,154.21510447761193
Linda Southworth,64,63,63,201,11562.584,183.53307936507937
Lindsay Castell,279,50,50,179,7841.466,156.82932
Lindsay Shagiari,31,59,59,192,8318.049,140.98388135593223
Lindsay Williams,71,58,58,179,7262.723,125.21936206896552
Lisa DeCherney,2,58,58,181,10429.396,179.81717241379312
Lisa Hazard,191,43,43,182,6476.6900000000005,150.6206976744186
Lisa Ryan,5,78,78,243,13402.402,171.82566666666668
Liz Carlisle,65,58,57,214,7633.505999999999,131.6121724137931
Liz MacKendrick,125,50,49,205,7606.932,152.13864
Liz Pelletier,8,54,54,197,7216.251,133.63427777777778
Liz Preis,1,71,70,239,13154.46,185.27408450704223
Liz Thompson,72,74,74,288,12682.543,171.38571621621622
Liz Willingham,7,41,41,126,8045.0,196.21951219512195
Logan Currie,9,71,70,257,14011.073,197.33905633802817
Logan Haushalter,285,72,71,233,10079.216,139.98911111111113
Lori Olson,5,69,69,232,10861.682,157.4156811594203
Luke Foster,2,61,61,246,8313.114,136.28055737704918
Luke Schmidt,99,58,57,208,11389.214,196.36575862068966
Luke Weiss,9,53,53,193,7030.026,132.642
Lycoris Saunders,248,79,78,223,11739.0,148.59493670886076
Lynn Smith,32,54,54,201,9437.278,174.76440740740742
Magdelene Morse,4,66,66,225,9412.825,142.6185606060606
Marc Crier,35,69,69,212,11965.027,173.4061884057971
Marc Harrigan,10,64,64,255,13954.448,218.03825
Maria Bertelson,64,60,60,208,7577.044,126.28406666666666
Maria Etezadi,31,84,84,296,18245.015,217.20255952380953
Maria Zettner,8,53,53,179,9767.201000000001,184.28681132075474
Maribeth Dona,7,70,68,252,11255.58,160.794
Maribeth Schnelling,34,79,79,280,11395.296,144.24425316455697
Maribeth Yedwab,11,56,56,207,9958.52,177.8307142857143
Marina Lichtenstein,72,57,57,205,7526.037,132.03573684210528
Maris LaWare,2,60,59,193,11652.526,194.20876666666666
Mark Cousins,70,74,74,268,9818.736,132.68562162162164
Mark Haberlin,72,73,73,216,7488.819,102.58656164383562
Mark Hamilton,155,64,64,203,12105.621,189.150328125
Mark Packer,162,52,52,214,8781.21,168.86942307692306
Mark Van Huff,1,57,57,181,10395.124,182.37059649122807
Mary O'Rourke,98,57,57,187,8756.372,153.62056140350876
Mary Zewe,123,77,77,269,12350.231,160.39261038961038
MaryBeth Skach,37,63,63,187,9760.035,154.92119047619047
Mathew Reese,40,76,75,267,16130.45,212.24276315789476
Matt Abelman,550,82,82,255,12447.0,151.79268292682926
Matt Collins,127,75,75,277,13457.444,179.43258666666665
Matt Collister,7,55,55,194,6895.783,125.37787272727273
Matt Connell,2,58,57,198,10906.326000000001,188.0401034482759
Matt Hagelstein,65,60,60,174,10044.175,167.40291666666664
Matthew Clasen,98,80,80,288,10739.077,134.2384625
Matthew Grinstein,1,51,51,199,10687.332,209.55552941176472
Maureen Fritzler,37,56,56,199,9338.195,166.75348214285714
Maureen Gastineau,33,83,82,279,10654.718,128.37009638554218
Maureen Gnade,285,74,73,293,10251.083,138.52814864864865
Maurice Satty,304,61,61,194,7484.549,122.69752459016394
Max Engle,41,72,72,224,9924.0,137.83333333333334
Max Jones,10,60,58,193,12013.477,200.2246166666667
Max Ludwig,2,63,63,216,11780.757,186.99614285714284
Maxwell Schwartz,2,73,72,259,10309.626,141.22775342465755
Maya Herman,159,62,62,220,11094.5,178.94354838709677
Meg O'Connel,68,58,58,230,7973.04,137.4662068965517
Meg Tillman,2,59,59,197,10169.182,172.35901694915256
Melanie Seite,103,70,70,231,11891.217,169.87452857142858
Michael Chen,5,65,64,185,10069.875,154.92115384615386
Michael Dominguez,554,59,59,250,9178.262,155.56376271186443
Michael Grace,34,61,61,211,7876.662,129.12560655737704
Michael Granlund,132,63,63,226,5739.453,91.10242857142858
Michael Kennedy,62,74,74,292,10643.807,143.83522972972975
Michael Moore,94,78,76,271,9248.494,118.5704358974359
Michael Nguyen,41,55,54,212,10712.339,194.7698
Michael Oakman,216,29,29,79,2832.634,97.67703448275861
Michael Paige,9,94,93,314,12241.56,130.22936170212765
Michael Stewart,7,77,77,259,8508.37,110.4983116883117
Michelle Arnett,73,59,59,199,6987.95,118.43983050847457
Michelle Ellison,188,49,48,148,9079.63,185.29857142857142
Michelle Huthwaite,2,50,50,191,10333.52,206.6704
Michelle Lonsdale,158,47,47,149,7890.479,167.88253191489363
Michelle Moray,68,66,66,210,10126.965,153.43886363636364
Michelle Tran,37,68,68,253,9327.46,137.1685294117647
Mick Brown,65,71,71,226,10084.373,142.03342253521126
Mick Crebagga,8,62,62,228,10663.352,171.9895483870968
Mick Hernandez,40,67,66,220,9778.5,145.94776119402985
Mike Caudle,9,57,57,214,8336.02,146.2459649122807
Mike Gockenbach,10,51,51,185,6885.509,135.00998039215688
Mike Kennedy,69,82,81,278,9689.055,118.15920731707317
Mike Pelletier,41,82,82,276,15031.194,183.307243902439
Mike Vittorini,1,62,62,223,9885.696,159.44670967741936
Mitch Gastineau,7,68,68,218,11038.978,162.33791176470586
Mitch Webber,39,74,74,273,11805.276,159.53075675675674
Mitch Willingham,310,66,65,217,11380.635,172.43386363636364
Monica Federle,5,86,85,295,14170.780999999999,164.77652325581394
Muhammed Lee,161,71,71,236,10799.057,152.0993943661972
Muhammed MacIntyre,2,55,55,187,7814.908,142.08923636363636
Muhammed Yedwab,5,108,106,351,16104.553,149.1162314814815
Nancy Lomonaco,127,43,43,162,5719.126,133.00293023255816
Naresj Patel,36,65,65,211,9136.985,140.56900000000002
Nat Carroll,68,76,76,246,11105.513,146.1251710526316
Nat Gilpin,4,66,66,186,9875.142,149.62336363636362
Natalie DeCherney,71,63,63,223,10387.325,164.8781746031746
Natalie Fritzler,2,95,94,325,15029.765,158.20805263157894
Natalie Webber,6,79,79,258,10951.434,138.62574683544304
Nathan Cano,221,49,49,148,5757.007,117.4899387755102
Nathan Gelder,187,65,65,243,11706.026,180.0927076923077
Nathan Mautz,34,75,75,253,15559.727,207.46302666666668
Neil Ducich,37,57,57,195,7265.522,127.46529824561404
Neil Französisch,100,62,62,186,8695.957,140.25737096774193
Neil Knudson,126,63,63,222,11036.841,175.1879523809524
Neola Schneider,7,75,75,292,11567.238,154.22984
Neoma Murray,1,54,53,240,5900.979,109.2773888888889
Nick Crebassa,3,50,50,149,7506.8,150.136
Nick Radford,37,68,68,212,12891.0,189.5735294117647
Nick Zandusky,156,66,65,235,9901.380000000001,150.0209090909091
Nicole Brennan,582,31,30,93,3467.47,111.85387096774193
Nicole Fjeld,126,43,43,163,8158.114,189.72358139534882
Nicole Hansen,4,72,72,276,15283.027,212.26426388888888
Noah Childs,31,59,59,212,12423.927,210.57503389830507
Noel Staavos,9,92,92,318,14300.345,155.43853260869565
Nona Balk,1,51,51,162,6450.635,126.48303921568628
Nora Paige,277,48,48,164,9797.922,204.123375
Nora Pelletier,37,66,66,244,7981.385,120.93007575757576
Nora Preis,7,62,61,247,8146.782,131.39970967741937
Odella Nelson,63,74,74,262,13711.567,185.29144594594592
Olvera Toch,39,73,73,262,11015.752,150.90071232876713
Pamela Coakley,62,48,48,159,9298.644,193.72175000000001
Pamela Stobb,33,66,66,252,10320.322,156.36851515151514
Parhena Norris,5,58,57,213,9657.239,166.50412068965517
Patricia Hirasaki,126,41,40,135,6031.156,147.10136585365854
Patrick Bzostek,36,62,62,210,7986.878,128.8206129032258
Patrick Gardner,2,78,77,262,9438.05,121.00064102564102
Patrick Jones,32,45,45,155,5189.262,115.31693333333332
Patrick O'Brill,98,102,102,370,15229.494,149.30876470588237
Patrick O'Donnell,40,78,78,275,10525.513,134.94247435897438
Patrick Ryan,159,72,71,283,14330.0,199.02777777777777
Paul Gonzalez,123,92,91,337,15922.0,173.06521739130434
Paul Knutson,95,39,39,126,7092.141,181.84976923076923
Paul Lucas,2,47,47,173,7355.6669999999995,156.50355319148935
Paul MacIntyre,34,48,48,148,5524.83,115.100625
Paul Prost,98,79,79,302,15856.397,200.71388607594938
Paul Stevenson,67,68,68,260,11990.637,176.33289705882353
Paul Van Hugh,7,65,65,243,10387.553,159.8085076923077
Pauline Chand,10,48,46,169,4600.039,95.83414583333332
Pauline Johnson,1,65,65,222,7982.87,122.81338461538462
Pauline Webber,2,69,69,242,9348.544,135.48614492753623
Penelope Sewall,31,82,82,282,11282.819,137.59535365853657
Pete Armstrong,32,56,56,193,6420.978,114.66032142857144
Pete Kriz,97,73,73,251,9836.829,134.75108219178082
Pete Takahito,97,51,51,184,10353.703,203.0137843137255
Peter Bühler,246,47,47,161,6724.1759999999995,143.0675744680851
Peter Fuller,94,87,85,280,8700.197,100.0022643678161
Peter McVee,63,46,46,149,7988.303,173.6587608695652
Philip Brown,35,76,76,240,10084.303,132.68819736842104
Philip Fox,11,67,67,249,12299.737,183.57816417910448
Philisse Overcash,251,73,73,231,10156.835,139.13472602739725
Phillina Ober,163,69,69,259,9663.445,140.04992753623188
Phillip Breyer,97,84,84,319,14830.448,176.55295238095238
Phillip Flathmann,64,68,68,219,10201.194,150.0175588235294
Pierre Wener,279,61,61,189,5882.542,96.43511475409836
Quincy Jones,37,53,53,213,6973.623,131.57779245283018
Rachel Payne,70,74,72,242,7021.984,94.89167567567569
Ralph Arnett,127,88,87,263,15855.196,180.17268181818181
Ralph Kennedy,156,64,64,208,9273.729,144.902015625
Ralph Ritter,1,54,54,143,9309.279,172.39405555555555
Randy Bradley,5,83,83,299,16405.499,197.65661445783132
Randy Ferguson,133,63,63,232,10503.101,166.71588888888888
Raymond Buch,31,71,70,262,9946.673999999999,140.094
Raymond Messe,62,62,61,210,10595.729,170.89885483870967
Resi Pölking,34,91,91,303,13021.041,143.08836263736262
Ricardo Emerson,2,59,59,181,9879.164,167.44345762711865
Ricardo Sperren,7,68,68,208,10312.124,151.64888235294117
Richard Bierner,1,67,67,224,9039.762999999999,134.9218358208955
Richard Eichhorn,123,67,67,208,9817.529,146.53028358208957
Rick Bensley,95,79,78,329,14265.595,180.57715189873417
Rick Duston,68,66,65,236,11146.406,168.88493939393942
Rick Hansen,12,56,56,230,7630.734,136.26310714285714
Rick Huthwaite,31,58,57,182,8478.964,146.18903448275861
Rick Reed,2,73,73,264,13362.023,183.0414109589041
Rick Wilson,130,68,68,265,12977.16,190.84058823529412
Ritsa Hightower,1,60,60,213,10216.486,170.2747666666667
Rob Beeghly,31,62,62,241,7302.251,117.77824193548388
Rob Dowd,4,90,90,301,11968.523,132.98358888888887
Rob Haberlin,8,47,47,144,4991.981,106.21236170212765
Rob Lucas,70,65,65,220,8975.322,138.08187692307692
Rob Williams,39,48,48,144,7581.409,157.94602083333334
Robert Barroso,132,45,45,143,5073.184,112.73742222222222
Robert Dilbeck,41,56,55,187,8650.701,154.47680357142855
Robert Marley,5,47,47,162,8351.521,177.69193617021278
Robert Waldorf,34,64,64,214,7424.177,116.002765625
Roger Barcio,155,54,54,150,9135.175,169.1699074074074
Roger Demir,62,77,77,269,10079.663,130.9047142857143
Roland Fjeld,92,59,59,210,10200.892,172.89647457627117
Roland Murray,5,37,37,118,4916.489,132.87808108108106
Roland Schwarz,95,49,49,175,10523.589,214.7671224489796
Rose O'Brian,72,79,78,291,12571.35,159.13101265822786
Ross Baird,34,77,76,310,12604.716,163.6976103896104
Ross DeVincentis,124,70,69,270,8732.571,124.75101428571429
Roy Collins,222,45,45,172,5523.435,122.74300000000001
Roy Französisch,1,78,77,272,12698.956,162.8071282051282
Roy Phan,62,72,71,254,11472.141,159.33529166666665
Roy Skaria,1,56,55,209,8121.0,145.01785714285714
Ruben Ausman,70,75,75,240,11153.79,148.71720000000002
Ruben Dartt,97,86,85,284,12320.006,143.25588372093023
Russell Applegate,35,76,76,267,11694.713,153.87780263157893
Russell D'Ascenzo,39,71,71,231,8595.231,121.05959154929577
Ryan Akin,31,55,55,172,8170.577,148.55594545454545
Ryan Crowe,4,50,50,161,8532.008,170.64016
Sally Hughsby,96,77,77,293,12011.946,155.9992987012987
Sally Knutson,188,62,62,231,8427.869,135.93337096774195
Sally Matthias,188,54,53,170,5537.533,102.54690740740742
Sam Craven,39,69,69,245,11056.0,160.231884057971
Sam Zeldin,65,77,77,262,12042.323,156.3938051948052
Sample Company A,9,90,90,309,13124.011,145.82234444444444
Sandra Flanagan,277,51,51,180,9518.742,186.642
Sandra Glassco,398,50,50,148,9274.581,185.49162
Sanjit Chand,156,69,69,244,10591.948,153.5064927536232
Sanjit Engle,130,82,82,299,14146.012999999999,172.51235365853657
Sanjit Jacobs,5,79,77,268,8354.172,105.74901265822785
Saphhira Shifley,37,84,84,326,11426.218,136.02640476190476
Sara Luxemburg,34,82,80,250,12330.501,150.37196341463414
Sarah Bern,72,50,50,158,10443.164,208.86328
Sarah Brown,42,71,69,262,12607.702,177.5732676056338
Sarah Foster,5,73,72,256,9192.473,125.92428767123288
Sarah Jordon,35,79,78,290,10348.726999999999,130.99654430379746
Scot Coram,216,64,64,259,9267.874,144.81053125
Scot Wooten,33,56,56,209,10066.418,179.7574642857143
Scott Cohen,5,74,74,242,9713.826000000001,131.26791891891892
Scott Williamson,2,68,68,255,12349.699,181.6132205882353
Sean Braxton,65,53,53,208,7861.665,148.33330188679244
Sean Christensen,37,76,76,257,8108.811,106.69488157894736
Sean Miller,62,50,50,169,5672.527,113.45054
Sean O'Donnell,65,60,60,204,11192.179,186.53631666666666
Sean Wendt,68,46,45,149,4916.255,106.87510869565217
Seth Vernon,158,85,84,317,14912.736,175.4439529411765
Shahid Collister,40,85,85,330,11621.063,136.71838823529413
Shahid Hopkins,34,68,68,223,11787.193,173.34107352941174
Shahid Shariari,4,67,67,224,8943.173,133.48019402985076
Sharelle Roach,93,52,52,206,8605.404,165.48853846153847
Shaun Chance,32,56,56,185,7146.466,127.6154642857143
Shaun Weien,65,42,42,113,6029.22,143.55285714285714
Sheri Gordon,40,59,59,210,8208.615,139.12906779661017
Shirley Daniels,4,85,85,303,11665.3,137.23882352941175
Shirley Jackson,97,52,51,215,7849.541,150.95271153846153
Shirley Schmidt,407,36,35,150,5215.6900000000005,144.8802777777778
Shui Tom,37,65,64,207,7936.077,122.09349230769232
Sibella Parks,67,36,36,144,5936.286,164.89683333333335
Skye Norling,34,67,66,232,9320.909,139.1180447761194
Sonia Cooley,10,57,55,214,8603.41,150.93701754385964
Sonia Sunley,249,61,61,213,9457.664,155.04367213114756
Speros Goranitis,8,66,66,224,8295.657,125.69177272727272
Stefania Perrino,65,78,78,285,8665.763,111.09952564102565
Stefanie Holloman,95,55,55,202,10011.198,182.02178181818184
Stephanie Phelps,6,46,46,170,5081.076,110.45817391304348
Stephanie Ulpright,31,72,72,235,9200.58,127.78583333333333
Steve Carroll,62,71,71,258,12462.368,175.52630985915494
Steve Chapman,35,74,74,293,13179.232,178.09772972972974
Steve Nguyen,164,61,61,233,9047.361,148.31739344262297
Steven Cartwright,127,73,73,324,11712.211,160.44124657534246
Steven Roelle,62,65,64,218,10629.753,163.53466153846153
Steven Ward,2,106,104,383,15993.685,150.88382075471696
Stewart Carmichael,134,83,83,308,15453.077,186.18165060240963
Stewart Visinsky,62,75,75,274,11180.057999999999,149.06743999999998
Stuart Calhoun,7,45,44,168,3590.826,79.79613333333333
Stuart Van,10,62,62,227,10561.758,170.35093548387096
Sue Ann Reed,2,64,64,227,9973.527,155.836359375
Sung Chung,8,46,46,184,7934.334,172.48552173913043
Sung Pak,98,52,51,168,6196.307,119.15975
Sung Shariari,255,43,43,150,5331.0,123.97674418604652
Susan Gilcrest,185,58,58,192,9348.341,161.17829310344828
Susan MacKendrick,369,41,41,133,7226.409,176.25387804878048
Susan Pistek,282,68,68,235,10546.492,155.0954705882353
Susan Vittorini,67,67,67,229,12053.639,179.90505970149252
Suzanne McNair,184,64,63,212,10003.887,156.310734375
Sylvia Foulston,5,47,47,154,5362.898,114.10421276595746
Tamara Chand,35,88,87,271,10574.905,120.169375
Tamara Dahlen,2,58,58,184,5002.704,86.2535172413793
Tamara Manning,249,55,55,200,7354.114,133.71116363636364
Tamara Willingham,1,59,59,194,5946.318,100.78505084745763
Tanja Norvell,8,53,53,179,7270.327,137.17598113207546
Ted Butterfield,72,76,76,326,10025.011,131.90803947368423
Ted Trevino,33,64,64,229,10553.698,164.90153125
Thais Sissman,2,60,60,188,6787.0,113.11666666666666
Thea Hendricks,36,59,59,193,11674.87,197.8791525423729
Thea Hudgings,72,64,64,222,11196.161,174.940015625
Theone Pippenger,62,88,88,304,17422.549,197.98351136363635
Theresa Coyne,8,84,84,332,13895.332,165.42061904761906
Theresa Swint,250,63,63,195,6535.402,103.73653968253969
Thomas Boland,2,69,69,256,11217.216,162.56834782608695
Thomas Brumley,2,38,38,147,8181.627,215.30597368421053
Thomas Seio,215,68,68,218,8492.044,124.883
Thomas Thornton,10,63,62,234,9782.278,155.27425396825396
Tiffany House,98,67,67,196,8485.327,126.64667164179103
Tim Brockman,3,89,89,305,12186.923,136.9317191011236
Tim Taslimi,34,55,55,150,6961.821,126.57856363636364
Toby Braunhardt,73,67,67,212,10413.287,155.42219402985074
Toby Carlisle,5,67,67,238,12024.11,179.46432835820897
Toby Gnade,130,63,63,221,11006.017,174.69868253968255
Toby Ritter,164,65,63,205,9780.649,150.47152307692306
Toby Swindell,5,76,76,249,12867.77,169.31276315789475
Todd Boyes,9,67,66,234,7157.492,106.82823880597016
Todd Sumrall,6,75,75,228,13681.108,182.41477333333333
Tom Ashbrook,194,80,77,284,12296.221,153.7027625
Tom Boeckenhauer,7,93,93,283,13356.135,143.6143548387097
Tom Prescott,72,50,50,175,8462.416,169.24831999999998
Tom Stivers,1,69,69,240,9491.859,137.56317391304347
Tom Zandusky,4,73,73,222,12857.493,176.13004109589042
Tonja Turnell,188,84,84,283,11986.107,142.69175
Tony Chapman,63,67,67,227,9129.507,136.26129850746267
Tony Molinari,8,80,80,232,11217.76,140.222
Tony Sayre,94,66,66,219,10429.314,158.0199090909091
Tracy Blumstein,3,91,89,314,14893.816,163.6683076923077
Tracy Collins,31,55,55,192,9812.288,178.40523636363636
Tracy Hopkins,338,55,55,189,9610.488,174.73614545454544
Tracy Poddar,127,68,67,253,10851.44,159.58
Tracy Zic,63,48,48,163,6416.448,133.67600000000002
Troy Blackwell,2,46,46,163,7944.244,172.70095652173913
Troy Staebel,31,83,83,313,14069.518,169.51226506024096
Trudy Brown,2,69,69,230,11761.32,170.45391304347825
Trudy Glocke,126,75,75,288,9821.071,130.94761333333332
Trudy Schmidt,7,56,56,182,7978.004,142.46435714285715
Valerie Dominguez,187,67,66,235,11395.596,170.0835223880597
Valerie Mitchum,155,68,68,219,8204.369,120.65248529411765
Valerie Takahito,32,72,71,260,13237.137,183.84912500000002
Vicky Freymann,40,49,49,179,5556.0509999999995,113.38879591836734
Victor Preis,185,58,58,199,9151.914,157.7916206896552
Victoria Brennan,31,45,45,184,9631.115,214.02477777777779
Victoria Pisteka,99,60,59,226,11268.293,187.80488333333332
Victoria Wilson,11,66,66,249,10844.201000000001,164.30607575757577
Vivek Gonzalez,4,50,50,167,8614.683,172.29366000000002
Vivek Grady,161,61,61,209,10194.586,167.1243606557377
Vivek Sundaresam,69,40,40,143,6401.017,160.02542499999998
Vivian Mathis,34,36,36,120,3891.0,108.08333333333333
William Brown,2,84,83,298,14765.123,175.7752738095238
Xylona Preis,64,61,61,213,7018.189,115.0522786885246
Yana Sorensen,8,62,60,215,9356.688,150.91432258064518
Yoseph Carroll,284,56,55,203,7766.411,138.6859107142857
Zuschuss Carroll,4,85,84,334,10632.87,125.09258823529413
Zuschuss Donatelli,7,54,53,174,10305.131,190.83575925925925
